{"cameraMode":{"drawMode":0,"name":"Shaded","section":"Shading Mode"},"sceneLighting":false,"audioPlay":false,"sceneViewState":{"showFog":true,"showMaterialUpdate":false,"showSkybox":false,"showFlares":true,"showImageEffects":true,"showParticleSystems":true},"in2DMode":false,"pivot":{"x":6.584018230438232,"y":-5.480562686920166,"z":9.267278671264649},"rotation":{"x":-0.026992471888661386,"y":0.017993254587054254,"z":0.0004869894473813474,"w":0.9994772672653198},"size":21.05259895324707,"orthographic":true}