{"cameraMode":{"drawMode":0,"name":"Shaded","section":"Shading Mode"},"sceneLighting":false,"audioPlay":false,"sceneViewState":{"showFog":true,"showMaterialUpdate":false,"showSkybox":false,"showFlares":true,"showImageEffects":true,"showParticleSystems":true},"in2DMode":false,"pivot":{"x":12.252054214477539,"y":-16.441688537597658,"z":14.301836013793946},"rotation":{"x":-0.026992471888661386,"y":0.017993254587054254,"z":0.0004869894473813474,"w":0.9994772672653198},"size":30.339290618896486,"orthographic":true}